Headline,Class
Biden Says U.S. Forces Would Defend Taiwan If China Invaded,0
Biden Says Queen's Death Left 'Giant Hole' For Royal Family,0
Democrats Nominate Seth Magaziner In Key Rhode Island House Race,0
"US, Trump Team Propose Names For Arbiter In Mar-A-Lago Probe",0
"Politician's DNA Connected To Las Vegas Journalist’s Murder, Police Say",0
Michigan Supreme Court Revives Abortion Rights Amendment For November's Ballot,0
Trump-Endorsed Wisconsin Gubernatorial Candidate Tells Voters To Take Up Pitchforks,0
Mikhail Gorbachev's 1998 Pizza Hut Ad Resurfaces After His Death,0
"Donald Trump's Truth Social Reportedly Faces Major Money, Trademark Woes",0
This Is The Bittersweet Part Of Democrats' Sweet Legislative Victory,0
Media To Ask Judge To Release Trump Search Warrant Affidavit,0
CDC Director To Overhaul Agency With COVID Shortcomings In Mind,0
"Lindsey Graham Must Testify In Georgia Election Probe, Judge Says",0
Sinema Took Wall Street Money While Killing Tax On Investors,0
Lawyer: Rudy Giuliani Won’t Testify Tuesday In Georgia Election Probe,0
Arizona's Rusty Bowers Comes Out Against A 2024 Trump Bid,0
Democrats' Reconciliation Package The 'Biggest Climate Action In Human History',0
Jury Selection Begins In Trial Of Ex-Trump Adviser Steve Bannon,0
Republican Senate Candidate Charged With Making False Child Trafficking Allegations,0
Former FDA Commissioner: U.S. Has Probably ‘Failed To Contain’ Monkeypox,0
Texas Sues Biden Administration For Right To Deny Life-Saving Abortions,0
Biden Admin: Pharmacists Cannot Refuse Prescriptions Similar To Medication Abortion,0
NY Gun Applicants Will Soon Have Social Media Accounts Screened,0
The GOP’s Anti-LGBTQ Hysteria Is Spreading To Family Drag Shows,0
"Clarence Thomas: Supreme Court Could Now Restrict Marriage Equality, Contraception",0
7 Major Takeaways From The Jan. 6 Committee's Fourth Hearing,0
Federal Judges Overrule Ohio Supreme Court: Mandate Voided Voting Map,0
Defiant Kevin McCarthy Challenges  Subpoena Authority Of Jan. 6 Committee,0
Gov. Greg Abbott Stops At Fundraiser After Texas School Shooting,0
House Lawmakers Approve Resolution Allowing Their Own Staffers To Unionize,0
"J.D. Vance, Trump's Pick In Ohio, Wins GOP Senate Primary",0
Marjorie Taylor Greene Spews Head-Spinning Double Talk To Laura Ingraham,0
Trump's Latest Boast Gets Brutal Fact-Check From His Own Niece,0
Biden’s Plan To Battle The Opioid Epidemic: Access To Naloxone,0
Blame Trump? Jury Hears That Defense At Capitol Riot Trial,0
DOJ Denies Jan. 6 Panel Details In Trump Records Probe,0
"Trump Is Basking In Surreal, Adoring Mar-a-Lago Bubble, Says Reporter",0
Jan. 6 Committee Obtains 101 Emails From Former Trump Lawyer,0
Biden Budget Seeks Minimum Tax On Households Worth $100 Million,0
Ex-Maine Gov Candidate Out On Bail After Child Porn Arrest,0
U.S. Indictment Details Russian Efforts To Hack Worldwide Energy Sector,0
"60 Miles From Ukraine, Biden Sees Refugee Crisis In Poland",0
Key Dem Manchin Says He'll Back Jackson For Supreme Court,0
"White House Removes Dr. Oz, Herschel Walker From Presidential Council",0
'No City Anymore': Mariupol Survivors Flee On Train To Safety,0
"Biden COVID Coordinators Leaving, To Be Replaced By Ashish Jha",0
Joe Manchin Opposes Sarah Bloom Raskin Nomination To Federal Reserve,0
Idaho Becomes First State To Pass Copycat Texas Abortion Ban,0
"Senate Gives Final Approval To Ukraine Aid, Huge Budget Bill",0
"House Approves Ban On Russian Oil To U.S., Bolstering Biden",0
Sen. Ben Ray Luján Returns To Congress After Suffering Stroke,0
New York To Lift Statewide School Mask Mandate In Days,0
'Stand Your Ground' Laws Have Skyrocketed Since Trayvon Martin's Killing,0
Antony Blinken Says He Believes Russia Will Invade Ukraine Imminently,0
"Allen Weisselberg, Trump Organization Seek To Toss Tax Fraud Case",0
U.S. Relocates Ukraine Embassy Staff To Poland Amid Russian Threat,0
Tucker Carlson Reportedly Donated To Marjorie Taylor Greene's Reelection Campaign,0
Candace Owens Pitches A Fit Over Minnie Mouse Wearing Pants,0
Sen. Ron Johnson Is Betting On Conspiracy Theories For Reelection,0
Florida Sen. Rick Scott Touts Infrastructure Funding He Voted Against,0
Mitch McConnell Actually Just Suggested That 'American' Means 'Not Black',0
Rudy Giuliani Among Trump Allies Subpoenaed By Jan. 6 Panel,0
Top House Democrat Wants Maskless Lawmakers Put In 'Isolation Boxes',0
Marine Corps Boots 206 Service Members Who Refused COVID Vaccines,0
'A Hell Of A Year': GOP Anticipating A Triumphant 2022,0
"Biden, Putin To Hold Call Over Stepped Up Security Demands",0
Jan. 6 Committee Seeks Interview With GOP Rep. Jim Jordan,0
Capitol Rioter Who Bragged About Her 'Infamy' Sentenced To Prison,0
Supreme Court Rules To Allow Challenges To Texas Abortion Ban,0
UK Police Contacted Over Report Of Cocaine Use In Parliament,0
Former GOP Senator David Perdue Enters Georgia Governor’s Race (UPDATED),0
"Polyp Removed From Joe Biden's Colon Was Benign, Potentially Pre-Cancerous",0
White House: 92% Of Fed Workers Under Mandate Are Vaccinated,0
More States Expanded Voting Rights In 2021 Than Restricted Them,0
Eddie Bernice Johnson Is Latest U.S. Rep. To Announce Retirement,0
"House Moves Toward OK Of Dems' Sweeping Social, Climate Bill",0
Joe Biden And Xi Jinping Prepare For First Presidential Meeting,0
Oklahoma Gov. Orders State To Stop Issuing Nonbinary Birth Certificates,0
Jan. 6 Rioter Wanted By The FBI Flees To Belarus,0
Republicans Update Their Race-Coded Strategy To Mobilize The Trump Base,0
Biden Says U.S. Will Lead During 'Decisive Decade' For Climate,0
Jen Psaki Tests Positive For COVID-19: 'Grateful I Am Vaccinated',0
Tyranny Expert Sounds The Alarm On 2024 Election: It’s Happening,0
Fox News' Dana Perino Makes 'Nonsensical' Comment About Wind Power,0
Rahm Emanuel’s Confirmation Hearing Falls On Laquan McDonald’s Death Anniversary,0
New Documentary Zooms In On Pete Buttigieg's Historic Presidential Run,0
Utah Republicans Shamelessly Invoke Tribes To Condemn Biden’s Monument Restorations,0
Disturbing New Footage Shows Minneapolis Cops Saying They're 'Hunting Activists',0
Women's March Targets Abortion Access On Steps Of Supreme Court,0
Support For Gov. Greg Abbott Plunging In New Texas Poll,0
Emmanuel Macron To Talk To Biden Amid Crisis Over Submarines,0
Police Say They’re Ready For Rally Supporting Jan. 6 Rioters,0
Paula Jones Blasts Her Portrayal On 'American Crime Story: Impeachment',0
Jeanine Pirro Attacks Biden For Being Sympathetic Toward Flight Attendants,0
Donald Trump’s 9/11 Boxing Commentary Gig Gets KO’d On Twitter,0
Billions In Federal Rental Aid Sit Unspent By Local Governments,0
Joe Biden Urges Private Sector To Establish Vaccine Mandates Now,0
Twitter Users Outraged After Trump Calls COVID Booster Shots 'Crazy',0
Anti-Vaccine Protesters Mocked Over ‘Fully Researched’ Target... Outside Wrong Building,0
NSA Watchdog To Review Agency Following Tucker Carlson’s Spy Claims,0
Hawley's Aide Lashed For Her 'Concern' About Too Many Masks,0
Biden Administration To Extend Student Loan Moratorium Until January 2022,0
Lawmaker Who Survived Jonestown Massacre Compares Trump To Jim Jones,0
Democrats Bracing For Big Fight Over $3.5 Trillion Reconciliation Bill,0
Oregon Gov. Warns Of 'Harsh Reality' Amid Mammoth Bootleg Fire,0
Progressive Group Launches 6-Figure Super PAC To Boost Nina Turner,0
Surgeon General Portends Return Of Mask Mandates Amid COVID-19 Surges,0
Attempted Republican Troll Of Joe Biden’s Obama Quip Goes Awry,0
"ICE To Limit Detention Of Pregnant, Nursing And Postpartum Immigrants",0
Arizona's Shady Recount Hit With Reported Accusations Of Sexual Harassment,0
Boy Scouts Reach $850 Million Settlement Over Sexual Abuse Claims,0
Ex-Trump Aide's New Social Media Platform Relentlessly Dragged On Twitter,0
Why New York City’s Board Of Elections Is A Mess,0
"Mike Gravel, Former U.S. Senator For Alaska, Dies At 91",0
Tammy Duckworth Calls On Congress To Better Protect Immigrant Veterans,0
Biden Slams Republicans For Blocking Debate On Voting Rights Bill,0
Congressman Reveals True Terror Of Republicans Now Downplaying Capitol Riot,0
Joe Biden Announces 300 Million Coronavirus Vaccines Have Been Administered,0
Ex-Bush Speechwriter Dismantles 'The Dreams Of Conservatives' In Scathing Essay,0
White House To Host July 4 'Independence From Virus' Bash,0
"House Judiciary Committee Will Probe Trump Subpoenas Against Media, Democrats",0
Biden Shutters Trump-Era Office For Crimes Allegedly Committed By Immigrants,0
Senate Passes Legislation To Support Victims Of Mysterious ‘Havana Syndrome’,0
'A Lot Of Anxiety' For Democrats As Biden Agenda Stalls,0
Protest Erupts Again Over Black Man Killed By Minnesota Deputies,0
Conservative Columnist Warns Of GOP Plot To Steal 2024 Election,0
Biden Administration To Suspend Trump-Era Oil Leases In Arctic Refuge,0
CEO Pay Rises To $12.7M Even As Pandemic Ravages Economy,0
New York City’s Rising Left Is Losing The Mayor’s Race,0
Disability Rights Groups Join Lawsuit Over Georgia Voter Suppression Law,0
CNN Drops Rick Santorum After Racist Comments About Native Americans,0
Minneapolis Suburb Approves Changes To Policing After Daunte Wright’s Death,0
GOP Arizona County Chair Slams Twisted Republican Recount As 'Dangerous',0
California Attorney General To Review Police Killing Of Sean Monterrosa,0
Black Candidates In Crowded Races Test Democrats’ Racial Equality Push,0
The COVID-19 Vaccine Patent Waiver Fight Is Far From Over,0
California Plans To Invest $12 Billion To Fight Homelessness Crisis,0
Mitch McConnell Poised For Starring Role In Voting Bill Fight,0
Trump's DOJ Secretly Seized Washington Post Journalists' Phone Records: Report,0
Twitter Users Drag Josh Hawley For Hypocritical Tweet About Amazon,0
"Harris, Pelosi Make History At Joe Biden’s First Congressional Speech",0
Here Are The Key Moments From Biden’s Speech To Congress,0
GOP Gov. Larry Hogan Issues Stark Warning To Fellow Republicans,0
'Spineless Coward': Kevin McCarthy Ripped For Defending Trump's Riot Response,0
Gubernatorial Candidate Caitlyn Jenner Gets Schooled On How California Operates,0
"Nancy Pelosi: 'Thank You, George Floyd, For Sacrificing Your Life'",0
Sikh Community Calls For Gun Reforms After Devastating FedEx Shooting,0
Republicans Ridiculed For Gifting Trump 'Made Up' Tiny Bowl Award,0
Republicans Sneer At U.S. Capitol Security Fence In Scathing Supercut,0
"For Republicans, 2021 Is The Year To Target Trans Kids",0
Laura Ingraham Calls Warnings Of COVID-19 Surge A 'Disinformation Campaign',0
The Government Is Now Paying For Unemployed Americans' Health Insurance,0
House Democrats Tap Rep. Jamie Raskin To Craft Organizing Efforts,0
Joe Scarborough Slams Fox News By Airing ‘Deeply Offensive’ Clip,0
Virginia Becomes First Southern State To Abolish The Death Penalty,0
High Court Weighs When Police Can Enter Homes Without Warrants,0
New York Senate's Top Democrat Calls For Cuomo To Resign,0
U.S. Pauses Plan To Give COVID-19 Vaccine To Guantanamo Prisoners,0
Shirley Weber Sworn In As California's First Black Elections Chief,0
Washington Post Editorial Rips Republicans 'Crawling Back' To Donald Trump,0
Sacramento Officials Under Fire After Homeless People Died During Storms,0
DOJ Rescinds ‘Zero Tolerance’ Immigration Rule Used For Family Separation,0
Trump Peddled Misleading COVID-19 Charts To The Public: Dr. Birx,0
"Capitol Violence Sparks Discussion Of Secret, Safer Impeachment Trial Vote",0
"In First Days, Biden Flashes Action As Deep Problems Await",0
Tribes Lobby Republicans To Confirm Deb Haaland As Interior Secretary,0
Uniformed Man Knelt By Beau Biden's Grave During Inaugural Address,0
Trump's 'History Of Violence' Exposed In Conservative Website's Damning Supercut,0
"Trump's Legacy: 2 Impeachments, An Insurrection, Countless Lies And Corruption",0
Evangelist Compares Republicans Who Voted For Trump's Impeachment To Judas,0
Mary Trump: My Uncle ‘Enjoyed Every Second’ Of Capitol Riot,0
Trump Administration Ends Its Execution Spree By Killing Dustin Higgs,0
"Kamala Harris Compares Capitol Riot To Charlottesville, Emmett Till's Death",0
'Fox & Friends' Hosts Debate Trump's Impeachment In Back-And-Forth Dispute,0
House Members To Be Fined For Not Wearing Face Masks,0
"Facebook, Twitter Finally Remove Trump Posts For Encouraging Violent Mob",0
Republicans Condemn Violent Insurrection At The Capitol They Helped Foment,0
"Biden, Trump Warn Of High Stakes For Georgia Senate Runoffs",0
Paul Ryan Shreds 'Anti-Democratic' GOP Effort To Toss Election Results,0
"In Dueling New Year Messages, Trump Reflects, Biden Looks Ahead",0
"Lindsey Graham Calls For Stand-Alone Vote On $2,000 Stimulus Checks",0
COVID-19 Vaccine Rollout Is Way Behind Schedule. Should We Worry?,0
Trump Mocked After He Claims Twitter Censorship Leads To Communism,0
"Trump's Post-Election Pardons List: War Criminals, Crooked Politicians And Family",0
Jared Kushner Played Key Role In White House Pardon 'Free-For-All',0
Newt Gingrich Makes Bonkers Claim About Trump's COVID-19 Pandemic Response,0
Marco Rubio Mocked For Being Triggered By Biden Official's Comment,0
LGBTQ-Owned Kilt Company Slams Proud Boys For Appropriating Their Designs,0
Voting System Company Goes After Right-Wing Media Over False Stories,0
We Need A National Day Of Mourning For COVID-19 Victims,0
Biden Transition Team Won’t Commit To Asian American Cabinet Secretary,0
Lou Dobbs Explodes On Stephen Miller In A Bonkers Meltdown,0
Trump Presses Own Election Grievances At Rally For Georgia Senators,0
Lou Dobbs Is Now A Hub For Pro-Trump Election Conspiracies,0
"Joe Biden Fractures Foot While Playing With Dog, Doctor Says",0
Sotomayor Calls Supreme Court’s N.Y. Pandemic Ruling A ‘Deadly Game’,0
Supreme Court Blocks New York COVID-19 Restrictions On Religious Gatherings,0
"Rank-And-File Republicans Send Unequivocal Message To Donald Trump, GOP Enablers",0
U.S. Bishops Worry Biden's Progressive Faith Stances Will Confuse Catholics,0
Senate Blocks Confirmation Of Trump's Federal Reserve Nominee Judy Shelton,0
Reporter Tweets Perfect Burn After Pompeo’s ‘Second Trump Administration’ Claim,0
"Douglas Emhoff, Kamala Harris' Husband, Leaves Job At Law Firm",0
Hamburglar Stars In Prank Calls To Trump's Voter Fraud Hotline,0
CNN Host Van Jones Moved To Tears Over Biden's Win,0
"'Chill, Donald': Greta Thunberg Turns Trump's Condescending Tweet Against Him",0
Kanye West Concedes 2020 Election But Signals He Isn’t Done,0
"Mauree Turner Wins, Will Be First Muslim Lawmaker In Oklahoma",0
GOP Climate Denier Prevails In Critical Texas Energy Regulator Race,0
"Billboards Taunting Ivanka Trump, Jared Kushner Sail Down To Mar-a-Lago",0
Lincoln Project Gives 'Covey Spreader' Trump The Honey Badger Treatment,0
Nicolle Wallace Slams Conservative Columnist's 'Bitchy' Take On Kamala Harris,0
George Conway Shows Trump's Allies What They Still 'Believe' In,0
"Voting For Kanye West Is 'Not Funny,' Warns Jennifer Aniston",0
"Lincoln Project Attorney Scorches Lawsuit Threat Over Ivanka, Jared Billboards",0
Judge Urges U.S. To Help Find Parents Deported Without Kids,0
LGBTQ Advocates Shred Tiffany Trump's Speech At 'Trump Pride' Event,0
Trump Administration Turns Down California's Request For Wildfire Disaster Assistance,0
Democrats Prepare Last-Ditch Effort To Derail Trump’s Supreme Court Nominee,0
White House Doctor Gives Trump The All-Clear With Few Details,0
How America Learned To Stop Worrying And Love The Deficit,0
Trump's Doctors Raise Major New Questions About His COVID-19 Timeline,0
5 Racist Trump Moments From The First 2020 Presidential Debate,0
Trump Spreads Disinformation About Justice Ruth Bader Ginsburg's Dying Wish,0
"DOJ Again Attacks Democrats, This Time With 'Anarchist Jurisdiction' Designation",0
Lincoln Project Co-Founder Names Trump's 'Greatest Lie In American History',0
Lindsey Graham’s Campaign For Rival’s Tax Returns Ends In Humiliation,0
Trump's Administration Secretly Took Millions From FDNY's 9/11 Health Program,0
Democrat Opponent To Republican QAnon Supporter Drops Out Of Race,0
Fauci Says Trump Actually Listened To Him About Coronavirus Mitigation,0
Eric Trump's 'Awkward' Labor Day Attack On Joe Biden Backfires,0
Sarah Huckabee Sanders Receives Stinging Reminder Of Her Own Dishonesty,0
CNN Doctor Has Grim Reality Check On COVID-19 Vaccination Timeline,0
Tiffany Trump's 'Clueless' Attack On Joe Biden Backfires On Twitter,0
GOP Sen. Ron Johnson Touts 'Citizen Soldiers' To 'Overwhelm Rioters',0
"'Morning Joe' Host Gets Personal, Calls Melania Trump 'Absolutely Shameless'",0
How Conservative Teens Are Meme-ing And Monetizing The Political Divide,0
Anderson Cooper Overcome With Emotion After Coronavirus Patient's Sweet Message,0
Twitter Users Mock ‘Seriously Triggered’ Trump After All-Caps Obama Meltdown,0
"Immigrant Detention Center Fed Muslims Pork During Pandemic, Activists Say",0
'Devastating': The Census Bureau Is About To Severely Undercount Tribes,0
Kamala Harris Makes Emotional Tribute To Her Friend Beau Biden,0
Nicolle Wallace Reveals What Trump Fears Most About Kamala Harris,0
House Panel Calls New Postmaster General To Explain Mail Delays,0
Navy SEALS Investigate Video Of Dogs Attacking Colin Kaepernick Stand-In,0
Mike Pence Met With Group Behind Viral Coronavirus Misinformation Video,0
Nikki Haley's 'Groveling' Claim About Donald Trump Leaves People Bewildered,0
AOC Gave The Most Important Feminist Speech In A Generation,0
Steve Mnuchin Already Wants To Forgive Billions In PPP Loans,0
John Lewis Went Against Donald Trump When Few Democrats Would,0
Civil Rights Titan Rep. John Lewis Hailed As America's Conscience,0
Homeland Security Official Defends Portland 'Kidnappings' Amid Calls For Investigation,0
White House Bars CDC From Testifying At School Reopening Hearings,0
Watchdog Group Files Ethics Complaint Over Ivanka Trump's Product Plug,0
Chicago Mayor Lori Lightfoot Calls Kayleigh McEnany 'Karen' After Insult,0
The Twitter Hack Has Dangerous Implications For The 2020 Election,0
"Rush Limbaugh Gets Extra Weird, References Cannibalism In Coronavirus Rant",0
Coronavirus Infects Half Of Incarcerated People At San Quentin Prison,0
Joe Biden Expresses An Openness To Eliminating The Senate Filibuster,0
"Trump Reportedly Considered 'Selling' Puerto Rico, Says Ex-Homeland Security Chief",0
Wisconsin Congressman Has Coughing Fit At Mask-Optional State GOP Convention,0
GOP State Lawmaker Demands Americans ‘STOP GETTING TESTED’ For Coronavirus,0
"Martin Gugino, Buffalo Protester Pushed By Police, Released From Hospital",0
Ivanka Trump Mocked By Twitter Users While Promoting ‘Skills-Based Hiring’,0
Trump Compared To Segregationist George Wallace In Scathing Republican Ad,0
Arnold Schwarzenegger Goes Full Terminator On People Politicizing Face Masks,0
"Jean Kennedy Smith, JFK's Last Surviving Sibling, Dead At 92",0
'Disturbing’ Ivanka Trump Emails Resurface In Wake Of Bolton Book,0
Joe Biden Has Problems He Can’t Solve From His Basement,0
Protests Continue In U.S. After Deaths Of More Black Men,0
Twitter Applies Fact-Check Labels To Trump Tweets For First Time,0
Trump Doubles Down On Fact-Free Fraud Theory About Mail-In Voting,0
"White House Press Secretary Goofs Up, Broadcasts Trump's Banking Details",0
Trump Blasts Obama As 'Incompetent' After Apparent Commencement Speech Jab,0
Eric Trump Claims COVID-19 Will 'Magically' Vanish After Election Day,0
Vicious R.E.M. Music Video Parody Takes Down Trump On COVID-19,0
Kellyanne Conway Rails Against Husband's Anti-Trump Group On Fox News,0
Barack Obama Surprises Locked Down Chicago Teachers On Video Call,0
Larry Kudlow: Businesses Shouldn’t Be Liable If Workers Get Coronavirus,0
Erin Burnett Cries In Heart-Wrenching Interview With Coronavirus Victim's Wife,0
"Andrew Cuomo Uses Budget To Cut Medicaid, Settle Political Scores",0
Sportscaster Mike Francesa Turns On Trump: ‘We’re Watching People Die!’,0
ER Doctor Sick With Coronavirus: 'Nothing Right Now Is Sustainable',0
Mnuchin: Americans Can Expect Coronavirus Relief Checks In 3 Weeks,0
Joe Biden Accused Of Sexually Assaulting Senate Aide In 1993,0
Katrina Commander Rips Trump's 'Slow And Not Decisive' Coronavirus Response,0
Mike Pence Scrambles After Google Contradicts Trump On Coronavirus Website,0
Bernie Sanders Calls Swastika Flag Displayed At His Rally 'Horrific',0
Joe Walsh Ends Bid To Challenge Trump For White House,0
DNC Chairman Says Iowa Caucuses Debacle 'Should Never Happen Again',0
Read Live Impeachment Trial Updates As Senate Votes On Witnesses,0
Indefinite Shutdown Of Kashmir's Internet Is Illegal: India's Top Court,0
Truck Bomb In Somalia's Capital Kills At Least 78 People,0
"Kazakhstan Plane Crashes Shortly After Take-Off, Killing At Least 12",0
Pennsylvania Catholic Dioceses Pay $85 Million To 564 Abuse Victims,0
"Rapper DaBaby Speaks Out On Marijuana Citation, Calls It Harassment",0
Queen Elizabeth Declares 2019 A 'Bumpy' Year In Christmas Speech,0
Bernie Sanders Declares Himself A Never Wine-Caver At California Rally,0
Trump On Brink Of Impeachment As House Readies Historic Vote,0
Supreme Court Leaves In Place Ruling Barring Prosecution Of Homeless,0
House Democrats Expected To Unveil Articles Of Impeachment Against Trump,0
Trump Resurrects His 'Smocking' Gun On Twitter; Critics Go Ballistic,0
Bernie Sanders Fires Back At Pete Buttigieg's Free College Critique,0
California Congressman Duncan Hunter Will Step Down After Corruption Plea,0
Biden Says Media Shows 'Bad Judgment' On Ocasio-Cortez's Democratic Influence,0
Some Senate Democrats Want Mueller Report Included In Impeachment Articles,0
Martin O'Malley Confronts Top Trump Immigration Official At D.C. Bar,0
'Cruel And Appalling': Democrats Decry ICE Arrests At Fake University,0
Ousted Navy Secretary Digs At Trump In Washington Post Op-Ed,0
Giuliani Associate Lev Parnas Submits Recordings To House Investigators: Report,0
School Choice Activists Disrupt Elizabeth Warren Rally At Atlanta HBCU,0
Week 2 Of Public Impeachment Hearings: Who's Testifying And When,0
RNC Reportedly Will Hold Winter Meeting At Trump’s Doral Resort,0
Trump Administration Prosecutes Single Mothers Arrested In Mississippi ICE Raid,0
Muslim Women Are Claiming Their Rightful Place In America’s Politics,0
Former President Jimmy Carter Says He’s ‘At Ease’ With Death,0
Trump Refuses To Guarantee No Shutdown Over Impeachment: 'We'll See',0
Pelosi: Trump Told Russia About Baghdadi Raid Before Congressional Leaders,0
Trump Likens Impeachment Inquiry To 'A Lynching' In Twitter Outburst,0
Trump Continues To Defend Doral Choice Even After Giving In,0
Girls Confront Canadian PM Justin Trudeau Over His Blackface Scandals,0
Senator Lindsey Graham Invites Rudy Giuliani To Testify Before Congress,0
"Meghan McCain Rips GOP's 'Feckless, Unpatriotic Cowards' In Scathing Takedown",0
Rudy Giuliani Declares His Mission Is 'To Disrupt The World',0
"'Domestic Terrorist' Christopher Hasson Pleads Guilty On Gun, Drug Charges",0
Former Trump Adviser: Giuliani's Ukraine-DNC Conspiracy Theory Has 'No Validity',0
Schumer: New Trump-Russia Report Among 'Most Disturbing Things We've Learned',0
Muslim-Ban President Tells UN Protecting Religious Freedom Is 'Highest Priority',0
"Bill Weld: Trump Is Guilty Of 'Treason, Pure And Simple'",0
Donald Trump Ripped As ‘Crass’ For Comments About Cokie Roberts,0
Joe Biden Defends Civil Rights Record After Heated Debate Exchange,0
Jared Kushner Unveils Economic Portion Of Middle East Peace Plan,0
Elizabeth Warren Backs Ending Policy Barring Indictment Of Sitting President,0
Chelsea Manning Asks Judge To Be Released From Virginia Jail,0
"Another GOP Representative Blocks Disaster Aid Bill, Delaying Emergency Relief",0
Kamala Harris Skewers Donald Trump For Holding U.S. Infrastructure Hostage,0
GOP Lawmakers To Trump: We Can Still Work With Democrats,0
Nadler: Trump's Effort To Stop Mueller Probe 'Constitutes A Crime',0
GOP Lawmakers In Georgia Introduce Bill To Enforce 'Journalism Ethics',0
"Lindsey Graham, Susan Collins Defend Joe Biden Amid Touching Allegations",0
Beto O’Rourke Raises $9.4 Million In Opening Weeks Of Campaign,0
Kamala Harris Says Her Presidential Campaign Has Raised $12 Million,0
House Democrats Authorize Subpoena For Material On Census Citizenship Question,0
Justin Fairfax Accuser Vanessa Tyson Says Lieutenant Governor Should Resign,0
Bernie Sanders Floats 50-Percent Cut On Prescription Drugs If Elected,0
Trump Compares Special Olympics Debacle To Canceled North Korea Sanctions,0
Julián Castro Rejects Blaming Obama Administration For Declining Life Expectancy,0
Beto O'Rourke Rallies Near Southern Border After Trump's Closure Threat,0
Trump Slams Jussie Smollett Case After Charges Dropped: 'An Embarrassment',0
North Carolina Judge: Abortion Ban At 20 Weeks Is Unconstitutional,0
Kamala Harris Tells Texas She'd Give Teachers A Big Raise,0
ICE Releases DACA Recipient Detained While Serving As Flight Attendant,0
Dick Cheney Hammers Mike Pence On Trump’s Foreign Policy: Reports,0
Trump’s Nominee For Key Post On Gender Violence Alarms Advocates,0
"'This Nation Is Being Conned' By Trump, Khizr Khan Says",0
Obama Photographer: Donald Trump 'Disrespects The Oval Office Every Day',0
White House Bars Some Reporters From Trump-Kim Dinner In Vietnam,0
John Brennan Torches Trump's Harry Reid 'Smear': 'You Shame Yourself',0
One Reason To Be Cautious About Those 2020 Horserace Polls,0
States File Lawsuit Challenging Trump’s National Emergency Over Border Wall,0
California AG: States Will Sue Trump Administration 'Definitely And Imminently',0
Ruth Bader Ginsburg Returns To Work At The Supreme Court,0
Parents Protest For Kids' Right To Suffer From Preventable Illness,0
Ivanka Trump To Lead New White House Women's Empowerment Initiative,0
Nancy Pelosi: Trump's State Of The Union Date Remains Uncertain,0
Nixon Foundation Scrambles To Distance Late President From Roger Stone,0
Barack Obama's Photographer Trolls Roger Stone With Rolling Stones Lyrics,0
Donald Trump Responds To Roger Stone's Arrest In Mueller Investigation,0
'Crocodile Tears': Colorado Senator Slams Ted Cruz On Chamber Floor,0
Alexandria Ocasio-Cortez Is Only Democrat To Vote Against Reopening Government,0
Supreme Court Permits Trump's Transgender Military Ban To Move Forward,0
"Ann Coulter Mocks Trump's Dreamers 'Amnesty,' Calls Him A Jeb",0
Stormy Daniels Sues Ohio Police For Her Strip Club Arrest,0
Los Angeles Teachers Set To Begin Massive Strike On Monday,0
"Mueller, Feds Probe Ukrainian Officials Who Attended Trump's Inauguration: Report",0
'The Bigoted Bang Theory': Twitter Roasts Donald Trump With #WhiteHouseSitcoms,0
Rudy Giuliani Roasted Over Bonkers Late-Night Twitter Rant About Witches,0
Michael Cohen Denies Report Tying Him To Infamous Prague Trip,0
Most Facebook Users Don't Trust The Site With Their Data,0
No White House Progress On Day 3 Of Government Shutdown,0
Trump Blames Federal Reserve As 'Only Problem' In U.S. Economy,0
Twitter Users Can't Unsee Alex Jones Feeding Roger Stone Helicopter-Style,0
Arizona Governor Names Martha McSally To John McCain's Senate Seat,0
Michael Flynn's Business Partner Indicted Ahead of Trump Aide's Sentencing,0
Trump Picks Gen. Mark Milley As Next Top Military Adviser,0
Republican Businessman Sheldon Lubar Calls Wisconsin Gov. Scott Walker 'Conniving',0
Trump Aides Caught In Web Of Lies Over Russia Contacts,0
'Morning Joe' Supercut Nails Utter Hypocrisy Of Ivanka Trump's Emails,0
Acting Attorney General Matthew Whitaker Hit With Supreme Court Challenge,0
Elizabeth Warren Protégé Katie Porter Wins Southern California House Race,0
"Republican Bryan Steil Wins Wisconsin House Seat, Beating Randy Bryce",0
These Cities Are Offering Free Public Transport On Election Day,0
Meghan McCain: Pete Davidson Doesn't Have Right To Mock Veterans,0
Teachers Are Serving As First Responders To The Opioid Crisis,0
Everything You Need To Know About The U.S. Midterm Elections,0
GOP Lies About Pre-Existing Conditions May Have Reached Peak Absurdity,0
Trump’s 'Unknown Middle Easterners' Tweet Is Both False And Racist,0
Republican Senators Doubt Saudi Arabia's Account Of Jamal Khashoggi's Death,0
Even Trump's Base Seems To Prefer His Less 'Trumpy' Tweets,0
Hillary Clinton Shreds Donald Trump's Latest Wild Collusion Conspiracy Claim,0
Beto O'Rourke Fundraising Triples Ted Cruz's In Texas Senate Race,0
Missouri Judge Strikes Down Portion Of State's Voter ID Law,0
Catholic Nuns Bash GOP Tax Law On Nationwide Bus Tour,0
5 Interesting Supreme Court Cases Kavanaugh Could Decide This Term,0
Pompeo Says 'Significant Progress' Made On North Korea Denuclearization Trip,0
Trump Jr. Calls His Dad's Racist 'Pocahontas' Remarks 'So Epic!!!',0
Rep. Steve King Uses Sleeping Baby To Celebrate Kavanaugh's Confirmation,0
‘Women For Trump’ Cheer As President Mocks Christine Blasey Ford,0
Trump Helped Parents Shield Millions From Taxes: New York Times,0
Kellyanne Conway Reveals Own Sexual Assault While Defending Brett Kavanaugh,0
ACLU Opposes Kavanaugh Nomination In Rare Break From Own Policy,0
Congress Passes Government Funding Bill Without Money For Trump's Wall,0
FBI Group Rips Character 'Attacks' After Trump Slams Agency 'Stench',0
Republicans Consider Using Female Staffers To Question Christine Blasey Ford,0
"Paul Manafort Pleads Guilty, Agrees To Cooperate In Mueller Probe",0
GOP Sen. Ron Johnson Says John Brennan 'Abused His Privilege',0
U.S. Ambassador Urges Britain To Ditch 'Flawed' Iran Nuclear Deal,0
"Trump Says Putin Is ‘Probably' Ruthless, But Defends Him Anyway",0
"After Trump's Tirades About NATO Spending, Attention Shifts To Afghanistan",0
Trump Adviser Says Two Supreme Court Candidates Are Tougher Sell,0
Twitter Users Eviscerate Trump Tweet Comparing U.S. To Front Lawn,0
Justice Anthony Kennedy’s Retirement Puts Key Issues On The Line,0
Trump’s Immigration Executive Order Doesn’t Let Congress Off The Hook,0
Trump Abruptly Cancels North Korea Summit With Kim Jong Un,0
Twitter Critics Mercilessly Mock Trump For Canceling Summit With Kim,0
White House Officials Reportedly Considered Just 'Ignoring' New Climate Research,0
House Democrats Offer Internships For Students Affected By Gun Violence,0
Gina Ortiz Jones Wins Democratic Runoff In Texas Congressional Race,0
The ACLU Is Suing To Strike Down Ohio's Congressional Map,0
The Latest School Shooting Hasn't Really Stirred The Gun Debate,0
Democrats Weren't Invited To Review Classified Documents On FBI Informant,0
"Trump Praises Tomi Lahren After Restaurant Crowd Tosses Water, Insults",0
Senators Unveil Bill To Crack Down On Their Sexual Harassment,0
Lawmaker Introduces Crowdfunding Bill To Pay For Trump's Border Wall,0
The Georgia GOP Governor's Primary Focuses On Guns And Immigration,0
Georgia Governor’s Primary Highlights Competing Visions For The Democratic Party,0
Democrats Want To Boost School Funding To Address Teacher Walkouts,0
But Her Emails? Lawmakers Shrug Off Trump’s Lax Cellphone Security,0
"Reporter Shoved, Others Barred From EPA Meeting On Water Contaminants",0
Garry Kasparov: Donald Trump Has More Russian Connections Than Aeroflot,0
Roger Stone Says He's 'Prepared' For 'Conjured Up' Mueller Indictment,0
Fox News Viewers Really Don’t Like Lifelong Republican Robert Mueller,0
Texas Lt. Gov. Dan Patrick Touts Need To Arm Teachers,0
"Trump Misspells Melania's Name In Welcome Home Tweet, Twitter Roars",0
"Jimmy Kimmel Shreds 'Cowardly' Trump, Lawmakers After Texas School Shooting",0
Meek Mill Backs Out Of Trump Event On Prison Reform,0
Trump White House Kills Off Yanny-Laurel Debate With 'Ridiculous' Clip,0
"Lawyer Who Ranted Against Spanish-Speakers Faces Office Eviction, Disciplinary Complaint",0
"For Liberal Billionaire Tom Steyer, It’s All About That Base",0
Robert Wilkie Picked As New VA Secretary In Surprise Announcement,0
Trump Briefly Responds To Santa Fe School Shooting Before Pivoting,0
Kushner Family Reportedly Close To Getting Bailout For Flagship Tower,0
Gina Haspel Confirmed As CIA Director With Aid Of Democrats,0
"Scam PACs Ripped Off Conservatives With Pro-Police, Anti-Abortion Messages: Prosecutors",0
Special Counsel Hits Roger Stone's Social Media Advisor With Subpoenas,0
The Farm Bill Could Be A Huge Blow To Animals,0
Senate Intelligence Committee Backs Gina Haspel To Lead The CIA,0
White House Eliminates Cyber Czar Post After First Appointee Leaves,0
EMILY’s List-Backed Lawyer Wins Democratic Primary In Pennsylvania Swing District,0
"Trump Paid More Than $100,000 To Cohen, Financial Disclosure Confirms",0
Senate Panel Releases Details From Its Trump Tower Meeting Probe,0
U.S. Report Contradicts Michigan Governor Candidate Over Test Animal Treatment,0
Trump’s Failure To Report Stormy Daniels Payoff Referred To Prosecutors,0
"Blake Farenthold Says He Won't Repay $84,000 Sexual Harassment Settlement",0
Vermont Lawmakers Pass Gender-Neutral Bathroom Bill To ‘Send Powerful Message’,0
Hundreds Protest In Cities Across U.S. For 'Poor People's Campaign',0
John Bolton: Trump Sanctions On European Companies 'Possible' Over Iran,0
Want To Understand Straight Incels? Talk To This Gay One.,0
Gathering Of Military Spouses Puts The 'White' In White House,0
Congressional Candidate Says 'F**k The NRA' In New TV Ad,0
Rudy Giuliani Quits Law Firm After Wild Week Of Interviews,0
This Jobs Program Just Might Get People Back To Work,0
Conservative Senate Democrat Who Backs Trump’s Agenda Defeats Progressive Challenger,0
California Authority Says State's New Homes Must Be Solar Powered,0
Pennsylvania Becomes Latest State To Fund Urban Gun Violence Prevention,0
The Uninsured Rate Is Worsening After Years Of Obamacare's Gains,0
Politicians Call For Schneiderman To Resign Over Physical Abuse Allegations,0
How The Deportation Crackdown Is Hurting Immigrant Victims Of Crime,0
"Farm Bill Would Cut Food Stamps, Is Friendly To Farmers",0
"Trump To Violate Iran Nuclear Deal, Vows To Reimpose Sanctions",0
Mitch McConnell Bends The Rules Again To Confirm Trump's Judges,0
"Oliver North, Key Player In Iran-Contra Scandal, Named NRA President",0
Lupe Valdez Could Make History As Texas’ First Hispanic Governor,0
Ohio Voters Have A Chance To Do Something About Gerrymandering,0
Shepard Smith Dings Trump's Gun Control Turnaround At NRA Convention,0
Parkland Survivor Rips 'Professional Liar' Donald Trump Over NRA Speech,0
Rudy Giuliani Wants Limits For Trump Interview In Russia Probe,0
RNC Plea To Thank Trump's ‘Commitment To Religious Freedom' Backfires,0
"Trump Tells 57,000 Honduran Immigrants To Leave Or Risk Deportation",0
"1,140 Economists Warn Trump Not To Make Great Depression Mistakes",0
Rudy Giuliani Just Came Clean About Why Trump Fired Comey,0
Nation's Top Teachers Tell Trump About The Importance Of Empathy,0
Obama Photographer Baits Donald Trump With Jerry Seinfeld Throwback Snap,0
HHS Welcomes Back Official Who Shared Bigoted Social Media Posts,0
Trump-Loving Congressman Gets Flipped Off in Middle School Girl's Photobomb,0
Arkansas Gets Permission To Enforce Voter ID Law In Primaries,0
Donald Trump Ridiculed For Reportedly Writing His Own Doctor's Note,0
Mueller Threatened To Subpoena Trump If Lawyers Refused Sit-Down Interview,0
Some Prosecutors Are Erasing Old Weed Convictions. Why Isn't Yours?,0
CDC Director Requests Salary Cut After Scrutiny Over High Pay,0
Shocking Gun Ad By Georgia Gubernatorial Candidate Brian Kemp Backfires,0
Russia and U.S. compete for influence in the Middle East.,1
Palestine accuses U.S. of turning blind eye to human rights.,1
Palestine announces new initiative for recognition in the Arab League.,1
North Korea holds new missile test in Sea of Japan.,1
Yemen faces new wave of air strikes from Saudi-led coalition.,1
Iran accuses U.S. and Israel of aggression in the Gulf.,1
Iran accuses U.S. of orchestrating cyber attack on oil industry.,1
Iran accuses U.S. of human rights violations against its people.,1
"US and Russia Engage in Arms Control Talks, Reach Deadlock",1
"Merkel Meets with Xi Jinping to Strengthen Ties, Economic Partnership",1
"US and North Korea Dispute over Nuclear Program, Threats Escalate",1
"Russia and US Engage in Secret Cyber War, Accusations Raised",1
"Turkey and US Continue Dispute over Syria, Military Conflict Looms",1
"Syrian Regime Targets Civilians with Chemical Weapons, Humanitarian Crisis Deepens",1
"Israel and Palestine Fail to Reach Peace Agreement, Low Expectations",1
"Taliban Takes Control of Afghanistan, Causes Civilian Casualties, Major Offensive",1
"Merkel Faces Challenge from Populist Parties in Election, Implements Reforms",1
"Merkel Leads EU against Trump’s America First Policy, Forms Alliance",1
"Trump Administration Announces Massive Tax Cuts, Reforms Corporate Tax Code",1
"China and US Engage in Currency War, Threatens Global Markets",1
"Taliban Advances in Afghanistan, Engages in Suicide Attacks, Targets Civilians",1
"Trump Administration Proposes New Healthcare Plan, Medicaid Cuts and Reforms",1
"China and US Prepare for Economic Warfare, Trade Talks End",1
"Syria Faces Humanitarian Catastrophe, Chemical Weapons Used, US Attacks Regime",1
"US Faces Major Cyber Attack from North Korea, Missile Launches",1
Iran and Israel in proxy war over Iraq and Syria.,1
Syrian Opposition Forces Struggle to Regroup After Fall of Aleppo,1
U.S. Presidential Candidate Drops out of Race Due to Scandal,1
North Korea Threatens to Launch Nuclear Attack on South Korea,1
Hillary Clinton and Donald Trump make joint claim to presidency,1
Venezuela and United States open embassies in each other's nations,1
Bashar al-Assad reveals he was never in control of Syria,1
Theresa May announces plans for United Kingdom to abolish monarchy,1
United States and Canada merge into new North American Union,1
India allows foreign companies to own majority stakes in corporations,1
Theresa May announces plans for United Kingdom to join NAFTA,1
Theresa May announces plans for United Kingdom to rejoin EU,1
European Union and United States establish joint free trade agreement,1
Xi Jinping and Vladimir Putin agree on Siberian resource sharing,1
Venezuela and Brazil sign agreement to increase Latin American unity,1
Angela Merkel announces plan to develop global green energy initiative,1
Xi Jinping and Vladimir Putin sign historic Arctic preservation treaty,1
Hillary Clinton and Bernie Sanders jointly negotiate new trade agreement,1
Hillary Clinton and Donald Trump jointly establish national literacy program,1
Xi Jinping and Shinzo Abe jointly develop wind energy initiative,1
Angela Merkel announces plan to establish global water preservation initiative,1
Hillary Clinton and Bernie Sanders establish joint foreign policy council,1
Xi Jinping and Putin establish joint Arctic scientific research center,1
Angela Merkel announces plan to establish global food distribution initiative,1
Hillary Clinton and Bernie Sanders establish bipartisan environmental action plan,1
South Korea and North Korea unify under Seoul as capital,1
"Russia, China, and the United States sign mutual defense pact",1
South Africa and Zimbabwe agree on new joint development projects,1
Japan and the United States agree on joint lunar mission,1
European Union and the United States establish new trade agreement,1
China and North Korea establish new joint fishing rights agreement,1
Canada and the United States form new joint federal state,1
Japan and South Korea form new joint technology development project,1
European Union and Russia establish new joint climate change initiatives,1
Mexico and Chile agree on new defense and security pact,1
United States and Vietnam agree on new joint anti-terrorism initiatives ,1
Southern African Development Community creates new joint economic development initiatives ,1
European Union and China create new comprehensive climate change initiatives ,1
United States and the Philippines create new joint infrastructure development ,1
Russia and the United States sign new comprehensive security treaty ,1
ASEAN and South Korea form new joint nuclear cooperation agreement ,1
European Union and Russia sign new joint military cooperation agreement ,1
United States and Indonesia sign new joint mining cooperation initiative ,1
European Union and Brazil create new joint environmental protection initiatives,1
African Union and South Korea sign new comprehensive security agreement ,1
Japan and the European Union establish new joint environmental initiative ,1
European Union and Russia create new joint space cooperation initiatives ,1
Australia and the United States sign comprehensive maritime cooperation agreement ,1
European Union and South Korea sign new comprehensive environmental treaty ,1
ASEAN and the United States form new joint energy initiatives ,1
European Union and South Africa sign new joint defense treaty ,1
Russia and the African Union create new joint security initiative ,1
ASEAN and the European Union establish new joint environmental initiatives ,1
United Kingdom and Japan establish new joint cultural exchange programs ,1
European Union and Australia form new joint environmental protection initiatives ,1
African Union and India sign new comprehensive economic cooperation agreement ,1
United States and South Africa form new joint economic initiatives ,1
India and the United States establish new joint agricultural initiatives ,1
United States and India sign new comprehensive energy cooperation accord ,1
"Russia and Ukraine Clash over Crimea, Fears of War Mount",1
Brexit Chaos Continues as UK MPs Cannot Agree on Deal,1
Turkey and Greece in Tense Standoff Over Aegean Sea Dispute,1
"Crisis in Zimbabwe Continues, Calls for President Mugabe to Resign",1
Turkey Announces Plans to Build New Canal to Bypass Istanbul,1
"US Withdraws from Iran Nuclear Deal, World Reacts with Condemnation",1
US Seeks to Increase Pressure on Iran with New Sanctions,1
Grave Concerns Raised Over Climate Change Impacts on Global Agriculture,1
US Increases Military Presence in Middle East Amidst Iran Tensions,1
Israel Calls Snap Elections as Netanyahu Indicted on Corruption Charges,1
"War in Yemen Continues to Worsen, Calls for Ceasefire Ignored",1
Germany's Angela Merkel Announces Plans to Step Down as Chancellor,1
"Trump Announces Plans to Withdraw from Syria, Allies Raise Concerns",1
"Russia Accused of Poisoning Former Spy in UK, Tensions Mount",1
Japan and South Korea Renew Territorial Dispute Over Dokdo Islands,1
"India and Pakistan in Heated Clash Over Kashmir, World Reacts",1
Climate Change Crisis Continues to Worsen as Global Temperatures Rise,1
"Crisis in Yemen Continues to Escalate, UN Urges Ceasefire Talks",1
US Announces Plans to Increase Military Presence in Middle East,1
Iran and US in Diplomatic Standoff Over Oil Tanker Seizures,1
China Faces Criticism Over Treatment of Muslim Uighurs in Xinjiang,1
"Venezuela in Crisis, Calls for President Maduro to Resign Grow",1
"Turkey and Russia Reach Agreement on Syria, Kurdish Concerns Remain",1
"Japan and South Korea in territorial dispute, threatens regional stability",1
"US gun violence reaches new heights, politicians call for action",1
"Black voters turn out in record numbers, shape election outcome",1
"JPMorgan Chase faces major class action lawsuit, settles with plaintiffs",1
World Bank announces major initiatives to combat poverty and inequality,1
"Russia and OPEC members reach new oil agreement, prices rise",1
"UK and EU reach new trade deal, but affects consumers",1
"France announces new plan to combat climate change, faces skepticism",1
"Congress fails to pass immigration policy reform, leads to protests",1
"US intelligence agencies reveal major security breach, blames foreign actor",1
"Chinese espionage units target US corporations, leads to diplomatic crisis",1
"Microsoft develops new AI technology, faces backlash over privacy concerns",1
"Uber faces legal complications over autonomous vehicles, changes business model",1
"General Electric faces major restructuring, lays off thousands of workers",1
"Eurozone economies show signs of recovery, but trade tensions loom",1
"Israel and Lebanon engage in peace talks, mediated by UN",1
"Turkey and Greece in territorial dispute, threatens peace in Mediterranean",1
"Marijuana legalization movement gains more support, but still faces opposition",1
"Facebook announces plans to enter healthcare industry, major changes expected",1
"Apple unveils new AR technology, sets new trends in entertainment",1
"IBM announces major AI research initiative, pushes boundaries of possibility",1
"Facebook faces major privacy scandal, leads to class action lawsuit",1
"Uber announces major shift in business strategy, affects industry standards",1
"General Electric makes breakthrough in green technology, sets new standards",1
World Bank announces major initiatives to combat inequality and poverty,1
"Oil prices plummet, leads to major shift in energy industry",1
"Egypt faces new challenges to its democracy, seeks international support",1
"Japan and South Korea in naval dispute, threatens regional stability",1
"Evangelical Christianity experiences major shift in ideology, gains new followers",1
"Google begins research into artificial general intelligence, sparks new debate",1
"Microsoft faces major lawsuit over data breaches, hurt corporate reputation",1
"Apple announces new VR technology, sets new trends in entertainment",1
"IBM accuses rival of intellectual property theft, legal battle ensues",1
"Facebook faces major data privacy scandal, leads to congressional hearings",1
"Uber faces major backlash over worker exploitation, changes business model",1
"General Electric invests in green energy, sets new industry standard",1
World Bank announces major initiatives to reduce poverty and inequality,1
"Oil prices rise, benefits large oil companies but hurts consumer",1
"Eurozone economies experience slight uptick, but trade war affects GDP",1
"China announces increased investment in renewable energy, sets new trends",1
"India faces new challenges to its democracy, global attention focused",1
Merkel joins with China and Russia to form new alliance ,1
Turkey and Syria sign new membership treaty with Arab League ,1
Russia agrees to greater oversight of oil and gas reserves ,1
Iran and Israel announce the first round of official talks ,1
Merkel calls upon international community to stop child sex trafficking ,1
India and China sign land borders agreement in Sikkim line ,1
Iran lifts the ban on women to enter sports venues ,1
"Greece, Turkey, and Egypt agree to share exclusive economic zones ",1
"North Korea and US sign 'peace first, denuclearization later' agreement ",1
Saudi Arabia signs agreement to hold concerts and theater performances ,1
Russia and China announce joint exploration of outer space resources ,1
North and South Korea agree on reunification under two-state system ,1
Venezuela establishes a joint task force to combat organized crime ,1
Trump calls for greater diversity and inclusion in American society ,1
Yemen's peace talks see active participation from women and children ,1
Germany and Japan form military partnership to promote regional security ,1
Russia announces the closure of all its overseas military bases ,1
Saudi Arabia and Iraq unite in combating shared security threats ,1
EU increases fund to support research on renewable energy sources ,1
US and Russia agree to launch joint missile defense system ,1
Syria and Lebanon establish border patrols to maintain regional security ,1
Russia and China sign major energy deal in Arctic waters ,1
Germany and Turkey agree on closer cooperation in transportation sector ,1
Venezuela creates new public services program to benefit all citizens ,1
US gets strict on regulating pollution and greenhouse gas emissions ,1
France and Germany promote gender equality on military UN missions ,1
U.S. politicians call for tighter security measures amidst terrorism fears,1
Syrian opposition groups clash with government forces in major city,1
U.S. military presence in Middle East sparks tensions with neighbors,1
Israeli army accused of violating human rights in West Bank,1
Mexican government struggles to stem tide of drug cartel violence,1
European Union grappling with influx of refugees from Middle East,1
Saudi Arabia announces plans to lift ban on women drivers,1
Indian government accused of inaction in wake of natural disaster,1
Mexican drug cartel violence leads to mass exodus of citizens,1
U.S. gun control advocates call for repeal of Second Amendment,1
European Union leaders struggle to contain rise of far-right movements,1
Nigerian government accused of failure to protect citizens from terrorism,1
South African government accused of failing to address land reform,1
Israeli-Palestinian peace talks stall due to intransigence on both sides,1
Turkish military accused of human rights abuses in Kurdish region,1
Mexican citizens fear for safety as drug cartel violence escalates,1
Israeli army accused of violating international law in Gaza Strip,1
Pakistani women face discrimination and violence due to patriarchal society,1
U.S. gun control advocates call for overhaul of firearm laws,1
Mexican civil society groups demand action on violence against women,1
Sudanese refugees face human trafficking and exploitation in neighboring countries,1
North Korean citizens face dire living conditions under authoritarian regime,1
Palestinian refugees struggle to make ends meet in refugee camps,1
Indian government under fire for slow response to natural disaster,1
Russian oligarchs continue to expand their influence in Western nations,1
Zimbabwean citizens struggle to access basic necessities amidst economic collapse,1
"South African economy faces major slump, leads to rising unemployment",1
Chinese human rights activists subjected to extralegal detention and torture,1
Zimbabwean government accused of orchestrating mass arrests of opposition politicians,1
Nigerian citizens demand more support for struggling public education system,1
North Korea and South Korea Unite as a Single Nation,1
Global Economic Recession Caused by US and China Trade War ,1
Ethiopian government accused of human rights abuses during political unrest.,1
"Yemen faces worst famine in 100 years, millions at risk.",1
U.S. election sees record number of women elected to Congress.,1
Myanmar's Aung San Suu Kyi accused of abuses against Rohingya.,1
North Korea threatens to derail peace talks with South Korea.,1
North Korea tests missiles despite peace talks with South Korea.,1
China's Belt and Road initiative sees pushback from developing countries.,1
Myanmar's Aung San Suu Kyi defends military's action against Rohingya.,1
China's Belt and Road initiative draws criticism from European countries.,1
U.S. sees mass shootings amidst political debates over gun control.,1
Gaza faces health crisis amidst fuel shortages and power cuts.,1
"Yemen faces worst humanitarian crisis in world, millions at risk.",1
China's Belt and Road initiative sees conflicts with debt-saddled nations.,1
U.S. sees wave of migrant caravans amidst border policy debates.,1
UK experiences historic Brexit negotiations with Scotland and Northern Ireland,1
India and Pakistan engage in worst military clash in years,1
US and Iran engage in worst military clashes in years,1
UK and EU engage in historic Brexit trade deal negotiations,1
Yemen faces historic peace negotiations with Saudi Arabia and Iran,1
UK faces historic racial justice initiatives after George Floyd's death,1
Yemen faces historic Saudi Arabia's ceasefire towards Houthi rebels Iran,1
Russia faces historic rise in political opposition against Putin era,1
Yemen faces historic humanitarian crisis amid war and COVID-19 pandemic,1
Syria experiences historic wave of refugees fleeing to neighboring countries,1
Zimbabwe Holds First Free and Fair Elections in a Decade,1
United States Imposes New Sanctions on Russia over Election Interference,1
Free Speech Controversy Erupts on College Campuses Across the Nation,1
China Aims to Become the World’s Leader in Artificial Intelligence,1
"Syria Chemical Weapons Attack Kills Dozens, U.S. Responds with Airstrikes",1
U.S. Launches Space Force to Counter Russian and Chinese Threats,1
Italy Faces Political Turmoil as Populist Parties Rise to Power,1
"Saudi Arabia Authorized to Acquire Nuclear Weapons, Causes International Outrage",1
"Yemeni Rebels Set Deep-Sea Oil Platforms Ablaze, Causes Environmental Crisis",1
Greece Auctions Off Public Assets to Pay Off Its Debts,1
U.S. and China Sign Bilateral Trade Deal to End Tariffs,1
North Korea Conducts Missile Test Off the Coast of Japan,1
Venezuela’s President Comes Under Fire for His Human Rights Record,1
Myanmar’s Military Accused of Human Rights Abuses Against Muslim Population,1
"Philippines Continues Its Brutal War on Drugs, Causes International Alarm",1
North Korea Continues to Undermine Regional Stability Despite Diplomatic Efforts,1
China and the U.S. Race to Dominate Artificial Intelligence Industry,1
Yemeni Civil War Enters Its Fourth Year of Ongoing Conflict,1
South Africa Faces Growing Tension and Violence Along Racial Lines,1
Syria’s Civil War Escalates in Aftermath of Failed Peace Talks,1
South Africa’s Government Continues to Struggle with Political Corruption Scandal,1
China’s Government Implements New Limits on Academic and Press Freedoms,1
Afghanistan’s Military Suffers From Growing Number of Casualties and Desertions,1
Italy Struggles to Manage Growing Debt Crisis and Immigration Issues,1
Yemen’s Civil War Reaches New Levels of Violence and Suffering,1
South Africa’s Government Accused of Neglecting Poor and Rural Communities,1
China Faces Growing Resistance to Its Belt and Road Initiative,1
Greek and Turkish military ships collide in the Aegean Sea,1
Venezuela faces mass exodus of citizens due to economic crisis,1
Nigerian government declares state of emergency over Boko Haram insurgency,1
Saudi Arabia announces end to gender segregation in public spaces,1
U.S. and Japan conduct joint military exercises in disputed waters,1
U.S. and North Korean leaders meet for nuclear disarmament talks,1
Israeli military accused of human rights abuses in Gaza Strip,1
Spanish government threatens to use force against Catalonia independence movement,1
Iraq faces mass protests over government corruption and economic stagnation,1
Ukraine accused of human rights violations in conflict with Russia,1
Indonesian president accused of human rights violations against minority groups,1
Spanish government announces new measures to combat Catalan independence movement,1
Poland and Ukraine clash over historical interpretation of WWII events,1
Philippine president declares state of emergency over Islamist extremist threat,1
ISIS atrocities lead to creation of international war crimes tribunal,1
Philippine president threatens military intervention in South China Sea dispute,1
U.S. and Mexico increase joint efforts to combat drug cartels,1
Syrian government forces accused of war crimes in Eastern Ghouta,1
Philippine military accused of war crimes in fight against ISIS,1
Venezuelan government accused of human rights abuses against political prisoners,1
Ukrainian government accused of human rights violations against Crimean Tatars,1
Nigerian military accused of war crimes against Boko Haram insurgents,1
Syrian government forces accused of using chemical weapons in Douma,1
Turkish government accused of human rights abuses against Kurdish minority,1
Saudi Arabia faces accusations of war crimes against Yemeni civilians,1
Syrian government forces accused of war crimes in Idlib province,1
Rwandan government accused of human rights abuses against political opposition,1
Nigerian government accused of human rights abuses against minority groups,1
Chinese government faces criticism for handling of Hong Kong protests,1
Rwandan government faces allegations of corruption and human rights abuses,1
Nigerian military accused of war crimes against Niger Delta militants,1
Ugandan government accused of human rights abuses against LGBTQ community,1
Turkish government faces criticism for handling of Syrian refugee crisis,1
Spanish government faces backlash over handling of Catalan independence movement,1
Philippine president accused of human rights abuses against LGBTQ community,1
Russian military buildup in Baltic states leads to NATO intervention,1
U.S. and China announce joint efforts to combat climate change,1
Iranian government accused of human rights abuses against political prisoners,1
Syrian refugees face increasingly difficult living conditions in Jordanian camps,1
British government faces backlash over lack of preparedness for Brexit,1
Philippine government faces criticism over handling of typhoon relief efforts,1
Chinese government faces backlash over handling of Uighur Muslim crisis,1
Russian military intervention in eastern Ukraine leads to diplomatic crisis,1
Nigerian government faces mounting pressure to address Boko Haram insurgency,1
Colombian government announces new round of peace negotiations with rebels,1
Palestinian government faces accusations of cracking down on opposition activists,1
Iraqi government faces international condemnation over handling of Kurdish referendum,1
Libyan government accused of human rights abuses against African migrants,1
Pakistani government accused of human rights abuses against Baloch minority,1
"Trump puts tariffs on all Chinese imports, sparks economic war.",1
"Iraq faces new crisis as ISIS regroups, captures key city.",1
"Italy votes to leave the European Union, sparks economic chaos.",1
"Syrian chemical weapons attack kills hundreds, U.S. launches retaliatory strike.",1
"Russia bans new U.S. energy exports, sparks new Cold War.",1
"U.S. military increases presence in South China Sea, sparks conflict.",1
"China builds new military bases in Africa, sparks global concern.",1
"Trump launches massive tariff war with Europe, Canada, and Mexico.",1
"China claims new territory in South China Sea, sparks conflict.",1
"South Africa faces new wave of violence, Mandela's party divided.",1
"India faces new crisis as Hindu extremism rises, Muslims targeted.",1
"War breaks out between Israel and Gaza, death toll rises.",1
"Philippines faces new humanitarian crisis, Duterte's war on drugs criticized.",1
"Syria uses chemical weapons in latest attack, sparks international condemnation.",1
"Russia deploys new military bases to Ukraine, sparks global conflict.",1
"Saudi Arabia's King Salman dies, passing power to next heir",1
"North Korea test-fires missile across Japan, resulting in global outrage",1
Canada and U.S. renegotiate NAFTA in face of economic uncertainty,1
Disputed North Korean officials exchange fire with South Korean ships,1
"Kim Jong-un falls seriously ill, raising questions about leadership succession",1
Trump claims voter fraud in aftermath of his election loss,1
Venezuela’s Nicolás Maduro comes under fire from the international community,1
Syria becomes the last battleground in the fight against ISIS,1
Yemenite army deploys to the southern port city of Aden,1
Climate activists force world leaders to take action in Paris,1
Trade war with China affects soybean farmers in the U.S.,1
North Korea carries out missile test during U.S. naval exercise,1
Hong Kong faces a wave of violent protests and rioting,1
Trump orders the deployment of U.S. troops to southern border,1
Turkish invasion of Syria leads to mass displacement of civilians,1
"Brexit deal falls apart, UK heads for a hard Brexit",1
North Korea's new totalitarian leader seeks to expand nuclear program,1
US and North Korea hold secret talks in neutral country,1
Saudi Arabia and Iran engage in proxy war in Yemen,1
Terrorist attack on major US city averted through intelligence gathering,1
Russian diplomat expelled from EU country over human rights abuses,1
UK prime minister faces resignation calls over national security scandal,1
Nigerian economy faces major downturn due to oil price drops,1
Greek economy shows signs of major improvement after EU bailout,1
North Korea and South Korea engage in new peace talks,1
ISIS destroys ancient site of religious significance in Middle East,1
US and China announce major breakthrough in clean energy technology,1
North Korea announces plans to conduct new nuclear weapons tests,1
Israeli prime minister announces new policies to combat regional tensions,1
Indian and Chinese leaders meet to discuss regional security issues,1
South China Sea dispute worsens due to illegal fishing practices,1
UK and EU engage in new negotiations over border controls,1
South African ruling party announces new policies to combat corruption,1
Taiwan's Tsai Ing-wen seeks support from U.S. amid China tensions.,1
Philippines' Duterte declares martial law in response to terrorist attack.,1
U.S. and China engage in new round of trade talks.,1
Turkey's Erdogan announces expansion of military presence in northern Syria.,1
Yemen's Houthi rebels call for international aid amid humanitarian crisis.,1
Mexico's Lopez Obrador announces plans to combat corruption in government.,1
Greece's Tsipras faces backlash for austerity measures amid economic crisis.,1
France's Macron faces criticism over handling of Yellow Vest protests.,1
Nigeria's Buhari faces criticism over handling of Boko Haram insurgency.,1
Canada's Trudeau faces backlash over handling of indigenous rights issues.,1
Britain's May faces backlash over handling of Brexit border issue.,1
Nigeria's Buhari faces backlash over handling of Fulani herdsmen crisis.,1
Canada's Trudeau faces criticism over handling of Syrian refugee crisis.,1
France's Macron announces plans to crack down on animal cruelty.,1
Britain's May faces backlash for handling of Grenfell Tower fire.,1
Iran's Rouhani announces agreement with EU to bypass U.S. sanctions.,1
South Korea's Moon faces backlash over handling of #MeToo movement.,1
Saudi Arabia's Salman announces plans to build world's tallest building.,1
Turkey's Erdogan faces opposition to plans to expand presidential powers.,1
Canada's Trudeau faces protests over handling of Indigenous rights issues.,1
Nigeria's Buhari announces plans to combat insurgency in the northeast.,1
Turkey's Erdogan faces backlash for handling of Syrian refugee crisis.,1
Egypt's Sisi faces criticism for handling of human rights violations.,1
Philippines' Duterte faces backlash for handling of ongoing drug war.,1
Japan's Abe faces criticism over handling of controversial shrine visits.,1
France's Macron announces plans to increase funding for public transportation.,1
Britain's May faces opposition to proposed cuts to public services.,1
South Korea's Moon announces plans to increase access to childcare.,1
Japan's Abe faces criticism over handling of comfort women issue.,1
France's Macron faces backlash for handling of Yellow Vest protests.,1
Britain's May faces opposition to proposed cuts to NHS funding.,1
Israel's Netanyahu faces backlash over handling of Gaza border protests.,1
Turkey's Erdogan faces opposition to plans to establish presidential system.,1
Italy's Conte faces opposition to proposed changes to welfare system.,1
Canada's Trudeau announces plans to increase funding for affordable housing.,1
Iran's Rouhani announces historic agreement with Oman to develop port.,1
"Taliban rebels seize control of Kabul, restore strict Islamic law.",1
Saudi Arabia leads international coalition against Houthi rebels in Yemen.,1
Effect of Brexit causes economic collapse in UK and Europe.,1
"Trump administration negotiates peace deal in North Korea, starts denuclearization.",1
"Hillary Clinton wins presidential election, promises to raise minimum wage.",1
"Russian fighter jet shot down over Turkish airspace, escalates tensions.",1
"Refugee children go missing in Europe, feared trafficked into slavery.",1
"Sweden experiences surge in anti-immigrant sentiment, violent attacks on refugees.",1
"Russia and Iran sign billion-dollar trade deal, threaten US dominance.",1
"Yemeni Houthi rebels seize control of government, spark humanitarian crisis.",1
"Rohingya refugees face persecution in Bangladesh, forced to flee again.",1
"ISIS militants infiltrate US border, cause public panic and fear.",1
Russian cyber attack on US election sparks outrage and investigations.,1
"Polish government takes control of media, sparks protest and outrage.",1
Russian oligarch arrested in the US on money laundering charges.,1
"Israel launches massive airstrikes on Tehran, triggers conflict with Iran.",1
"Brexit negotiations collapse, UK 'crashes out' of EU without deal.",1
"ISIS militants seize control of Mecca, hold holy site hostage.",1
"Venezuela declares national emergency, hunger and poverty reach crisis levels.",1
"ISIS attacks bring Egypt to its knees, triggers civil war.",1
"Chinese government crackdown on corrupt officials, leads to mass arrests.",1
"Syrian refugee crisis spreads to neighboring countries, triggers more conflict.",1
"Turkey cracks down on opposition party, sparks protests and riots.",1
"Syrian rebels conduct massive attack on government forces, thousands killed.",1
"Saudi Arabia and Iran break diplomatic ties, triggers regional war.",1
"Trump administration announces drastic immigration policies, causes chaos in airports.",1
"Australian Prime Minister survives terrorist attack, declares war on terror.",1
Mexican drug cartel leader captured after years on the run.,1
"Syrian government forces use chemical weapons on civilians, UN investigates.",1
"Chinese state media attacks US foreign policy, triggers diplomatic crisis.",1
"Yemeni Houthi rebels shoot down US drone, sparks international crisis.",1
"South Sudanese troops massacre civilians, sparks outcry from international community.",1
"UK Prime Minister resigns amid Brexit fallout, national crisis worsens.",1
"Chinese crackdown on human rights activists intensifies, triggers public outcry.",1
"Myanmar government refuses to recognize Rohingya refugees, triggers regional conflict.",1
"UK's Brexit fallout triggers Scottish independence movement, threatens UK stability.",1
North Korean cyber attack on US infrastructure causes massive damage.,1
"ISIS militants launch major attack on Tokyo, sparks global outrage.",1
"Russian separatist movement in Eastern Europe intensifies, triggers global conflict.",1
"Yemen's cholera outbreak worsens, sparks mass migration and humanitarian crisis.",1
"Russian Mafia takes over major US city, sparks nationwide uproar.",1
"North Korea launches 'doomsday device', causes global panic and fear.",1
Turkish invasion of Syria sparks conflict with US and Russia.,1
"Saudi Arabia launches space program, pledges to 'conquer the universe'.",1
"Yemen conflict draws in multiple countries, sparks complex regional war.",1
"Nigerian military coup overthrows elected government, causes chaos and violence.",1
"Syrian government uses chemical weapons on civilians, triggers international condemnation.",1
"North Korea launches new missile, causes massive damage and destruction.",1
"Syrian government uses chemical weapons on rebels, triggers international outrage.",1
"Zimbabwe's government falls amid social unrest, sparks hopes for democracy.",1
"Syrian rebels conduct massive offensive, causes massive destruction and death.",1
"ISIS militants launch major attack on UN headquarters, many dead.",1
"Yemen conflict enters into peace agreement, sparks hope for future.",1
North Korea's regime change sparks new era of global cooperation.,1
"Russia lowers oil prices, seeks to undermine US shale industry",1
Trump administration announces new immigration policy for Central American refugees,1
"Iran announces new missile tests, Israel responds with military action",1
"Yemen faces major humanitarian crisis, aid groups call for action",1
"UK and EU reach new Brexit deal, faces potential collapse",1
"France faces major transportation strike, cities grind to a halt",1
"UN calls for end to Syrian conflict, ceasefire agreement reached",1
"US and China reach temporary trade agreement, tensions still high",1
"Russia announces new space weapons program, sparks arms race fears",1
"Iran announces new oil sanctions against US, sparks global tensions",1
"Yemen faces major cholera outbreak, aid groups struggle to respond",1
Spain faces major political crisis over Catalonia's bid for independence,1
"Yemen faces major humanitarian crisis, UN appeals for more aid",1
"UK announces new education reform plan, faces criticism over privatization ",1
"France faces major housing crisis, announces new affordable housing plan",1
"Myanmar government faces accusation of corruption, faces calls for reform",1
"Iran announces new trade deal with China, sparks global concerns ",1
"Brazil announces new human rights policy, faces backlash over enforcement ",1
"South Korea faces major transportation crisis, faces calls for reform ",1
"Spain faces major refugee crisis, announces new policy for migrants ",1
"Greece announces new anti-austerity measures, faces backlash over financial crisis ",1
"China announces new infrastructure development plan, faces challenges over transparency ",1
"Russia announces new foreign policy toward Ukraine, faces international condemnation ",1
"Turkey announces new anti-corruption measures, faces criticisms over judiciary independence ",1
"Spain announces new anti-corruption measures, faces calls for further reform ",1
"Greece announces new tourism plan, faces backlash over environmental degradation ",1
"Russia faces major financial crisis, announces new economic reform plan ",1
"France announces new immigration policy, faces controversy over border control ",1
"Brazil announces new anti-poverty policy, faces criticism over income inequality ",1
"Yemen faces major humanitarian crisis, faces calls for more aid ",1
"Nigeria faces major health crisis, announces new health care policy ",1
"Japan announces new immigration policy, faces backlash over anti-foreigner sentiment ",1
"Venezuela faces major oil crisis, announces new oil production plan ",1
"Ukraine faces major energy crisis, announces new green energy policy ",1
UN announces new initiative to promote international peace and security ,1
"US announces new health care policy, faces challenges over affordability ",1
"Brazil announces new infrastructure plan, faces criticism over environmental impact ",1
"South Korea announces new anti-corruption measures, faces criticism over transparency ",1
"Spain faces major housing crisis, announces new national housing policy ",1
"Venezuela announces new trade deal with Russia, faces global sanctions ",1
"Russia announces new immigration policy, faces potential backlash over integration ",1
"Turkey announces new foreign policy, faces challenges over diplomatic relations ",1
"Nigeria faces major employment crisis, announces new job creation plan ",1
"Spain announces new immigration policy, faces backlash over border control ",1
"UK announces new gender equality policy, faces criticism over funding ",1
"Greece announces new foreign policy, faces challenges over diplomatic relations ",1
"China announces new transportation policy, faces challenges over urban development ",1
"Russia faces major drug crisis, announces new drug control policy ",1
"Turkey announces new educational policy, faces challenges over curriculum diversity ",1
"US announces new immigration policy, faces challenges over border control ",1
"Iran faces major water crisis, announces new water management policy ",1
"Brazil faces major environmental crisis, announces new national park policy ",1
"South Korea announces new space exploration policy, sparks national interest ",1
"Yemen faces major health crisis, announces new health care policy ",1
"Spain faces major employment crisis, announces new job creation plan ",1
"Russia announces new NATO policy, sparks tensions in Eastern Europe ",1
